{"cameraMode":{"drawMode":0,"name":"Shaded","section":"Shading Mode"},"sceneLighting":true,"audioPlay":false,"sceneViewState":{"m_AlwaysRefresh":false,"showFog":true,"showSkybox":true,"showFlares":true,"showImageEffects":true,"showParticleSystems":true,"showVisualEffectGraphs":true,"m_FxEnabled":true},"in2DMode":false,"pivot":{"x":-12.641420364379883,"y":-4.007477760314941,"z":0.42635059356689455},"rotation":{"x":-0.18472972512245179,"y":0.6926662921905518,"z":-0.19081376492977143,"w":-0.6705809235572815},"size":18.209657669067384,"orthographic":false}