{"cameraMode":{"drawMode":0,"name":"Shaded","section":"Shading Mode"},"sceneLighting":false,"audioPlay":false,"sceneViewState":{"m_AlwaysRefresh":false,"showFog":true,"showSkybox":false,"showFlares":true,"showImageEffects":true,"showParticleSystems":true,"showVisualEffectGraphs":true,"m_FxEnabled":true},"in2DMode":false,"pivot":{"x":-2.0547585487365724,"y":-7.909379959106445,"z":-16.868030548095704},"rotation":{"x":0.000650773523375392,"y":-0.9799538850784302,"z":0.1993703544139862,"w":0.003242989769205451},"size":16.822404861450197,"orthographic":false}