{"cameraMode":{"drawMode":0,"name":"Shaded","section":"Shading Mode"},"sceneLighting":false,"audioPlay":false,"sceneViewState":{"m_AlwaysRefresh":false,"showFog":true,"showSkybox":false,"showFlares":true,"showImageEffects":true,"showParticleSystems":true,"showVisualEffectGraphs":true,"m_FxEnabled":true},"in2DMode":false,"pivot":{"x":-1.7119134664535523,"y":1.5188428163528443,"z":2.2558350563049318},"rotation":{"x":0.023478152230381967,"y":0.7525184750556946,"z":0.026870911940932275,"w":-0.6576131582260132},"size":0.898321270942688,"orthographic":false}